{
  "framework": "sp1",
  "task": "dlrm",
  "execution_time": 0.047527306,
  "setup_time": 2.225121522,
  "prover_time": 43.266314411,
  "verifier_time": 0.23639703,
  "proof_size": 2657478,
  "num_cycles": 182123,
  "num_mem_access": 0,
  "speed": 4209.348600159416
}