{
  "framework": "sp1",
  "task": "ecdsa",
  "execution_time": 0.053685355,
  "setup_time": 2.223477332,
  "prover_time": 43.665133878,
  "verifier_time": 0.235996279,
  "proof_size": 2657478,
  "num_cycles": 182123,
  "num_mem_access": 0,
  "speed": 4170.902132324844
}