{
  "framework": "sp1",
  "task": "merkle",
  "execution_time": 0.050479886,
  "setup_time": 2.260470899,
  "prover_time": 48.367663919,
  "verifier_time": 0.23766939,
  "proof_size": 2657478,
  "num_cycles": 182123,
  "num_mem_access": 0,
  "speed": 3765.387559444599
}